{
  "data": [
    {
      "code": "PL-WEN",
      "country": "pl",
      "email": "info@wenar.pl",
      "id": 3,
      "name": "Wenar Sp. z o.o.",
      "phone": "780070766",
      "short_name": "Wenar",
      "type": 1,
      "website": "https://www.e-mob.pl/"
    },
    {
      "code": "PL-GJC",
      "country": "pl",
      "email": "biuro@evplus.com.pl",
      "id": 4,
      "name": "EV PLUS Spółka z ograniczoną odpowiedzialnością",
      "phone": "533708555",
      "short_name": "EV PLUS Sp. z o.o.",
      "type": 1,
      "website": "http://evplus.com.pl"
    },
    {
      "code": "PL-7R5",
      "country": "pl",
      "email": "bok@greenwaypolska.pl",
      "id": 5,
      "name": "GreenWay Polska Sp. z o.o.",
      "phone": "48-58-325-10-17",
      "short_name": "GWPL",
      "type": 1,
      "website": "http://greenwaypolska.pl/"
    },
    {
      "code": "PL-MYE",
      "country": "pl",
      "email": "biuro@gopluseauto.pl",
      "id": 6,
      "name": "GO+ EAuto sp. z o.o.",
      "phone": "515515243",
      "short_name": "GO+ EAuto",
      "type": 1,
      "website": "https://www.gopluseauto.pl/"
    },
    {
      "code": "PL-37C",
      "country": "pl",
      "email": "support@nexity.io",
      "id": 7,
      "name": "NEXITY Spółka z ograniczoną odpowiedzialnością",
      "phone": "+48691091191",
      "short_name": "NEXITY",
      "type": 3
    },
    {
      "code": "PL-PGE",
      "country": "pl",
      "email": "nowa.energia@gkpge.pl",
      "id": 8,
      "name": "PGE Nowa Energia Sp. z o.o.",
      "phone": "22-344-55-66",
      "short_name": "PGE Nowa Energia",
      "type": 1
    },
    {
      "code": "PL-K64",
      "country": "pl",
      "email": "biuro@prebiel.pl",
      "id": 9,
      "name": "Edward Biel Producent Rozdzielnic Elektrycznych",
      "phone": "+48 696673646",
      "short_name": "PRE Edward Biel",
      "type": 1,
      "website": "http://www.evb24.pl"
    },
    {
      "code": "PL-CBG",
      "country": "pl",
      "email": "biuro@swns.pl",
      "id": 10,
      "name": "Sądeckie Wodociągi Sp. z o.o.",
      "phone": "184438643",
      "short_name": "SWNS",
      "type": 1
    },
    {
      "code": "PL-BB4",
      "country": "pl",
      "email": "emap@tauron.pl",
      "id": 11,
      "name": "TAURON NOWE TECHNOLOGIE S.A.",
      "phone": "+48572886553",
      "short_name": "TAURON",
      "type": 1,
      "website": "https://www.tauron.pl/tauron/tauron-innowacje/carsharing"
    },
    {
      "code": "PL-79P",
      "country": "pl",
      "email": "kancelaria.od@pgnig.pl",
      "id": 12,
      "name": "Polskie Górnictwo Naftowe i Gazownictwo Obrót Detaliczny",
      "phone": "222700400",
      "short_name": "PGNIG OD Sp. z o.o.",
      "type": 1,
      "website": "http://www.pgnig.pl"
    },
    {
      "code": "PL-K36",
      "country": "pl",
      "email": "piotr.siudej@cngvitall.pl",
      "id": 13,
      "name": "CNGvitall Polska spółka z ograniczoną odpowiedzialnością",
      "phone": "+48605219461",
      "short_name": "CNGvitall Polska sp. z o.o.",
      "type": 1
    },
    {
      "code": "PL-RJE",
      "country": "pl",
      "email": "info@greengoo.eu",
      "id": 14,
      "name": "GreenGoo Spółka z ograniczoną odpowiedzialnością",
      "phone": "800802801",
      "short_name": "GreenGoo Sp. z o. o.",
      "type": 1,
      "website": "http://www.greengoo.eu"
    },
    {
      "code": "PL-PUJ",
      "country": "pl",
      "email": "info@enelion.com",
      "id": 16,
      "name": "Enelion Sp. z o.o.",
      "phone": "+48694336694",
      "short_name": "Enelion",
      "type": 1,
      "website": "http://enelion.com/"
    },
    {
      "code": "PL-HKN",
      "country": "pl",
      "email": "ztm@ztm.waw.pl",
      "id": 17,
      "name": "Zarząd Transportu Miejskiego",
      "phone": "225698117",
      "short_name": "ZTM",
      "type": 1,
      "website": "http://www.ztm.waw.pl"
    },
    {
      "code": "PL-4ZB",
      "country": "pl",
      "email": "siecladowania@emobility.pl",
      "id": 18,
      "name": "Energa Enspirion sp. z o.o.",
      "phone": "555550037",
      "short_name": "Enspirion",
      "type": 1,
      "website": "https://emobility.pl"
    },
    {
      "code": "PL-29A",
      "country": "pl",
      "email": "operator@a2cc.eu",
      "id": 19,
      "name": "A2 Customer Care Sp. z o.o.",
      "phone": "+ 48713336913",
      "short_name": "A2CC",
      "type": 1,
      "website": "http://www.a2cc.eu"
    },
    {
      "code": "PL-X2P",
      "country": "pl",
      "email": "mspizewska@umostrow.pl",
      "id": 21,
      "name": "Gmina Miasto Ostrów Wielkopolski",
      "phone": "62 58-22-207",
      "type": 1
    },
    {
      "code": "PL-AFB",
      "country": "pl",
      "email": "evbox@engie.com",
      "id": 22,
      "name": "ENGIE Technika Instalacyjna Sp. z o.o.",
      "phone": "607275350",
      "short_name": "ENGIE",
      "type": 1
    },
    {
      "code": "PL-W5W",
      "country": "pl",
      "email": "mateuszewo@pgk.srem.pl",
      "id": 23,
      "name": "Przedsiębiorstwo Gospodarki Komunalnej w Śremie Sp. z o.o.",
      "phone": "61-28-28-241",
      "short_name": "PGK w Śremie Sp. z o.o.",
      "type": 1,
      "website": "http://www.pgk.srem.pl/"
    },
    {
      "code": "PL-R73",
      "country": "pl",
      "email": "kontakt@pkp.pl",
      "id": 24,
      "name": "Polskie Koleje Państwowe Spółka Akcyjna",
      "phone": "+48509895890",
      "short_name": "PKP S.A.",
      "type": 1,
      "website": "https://www.pkp.pl/pl/dworce/stacje-ladowania"
    },
    {
      "code": "PL-D3D",
      "country": "pl",
      "email": "info@rawicom.pl",
      "id": 26,
      "name": "RAWICOM Sp. z o.o. Sp. K.",
      "phone": "690030750",
      "short_name": "RAWICOM",
      "type": 1,
      "website": "http://www.rawicom.pl"
    },
    {
      "code": "PL-JMG",
      "country": "pl",
      "email": "kontakt@elo.city",
      "id": 27,
      "name": "Elocity Sp. z o.o.",
      "phone": "504001314",
      "short_name": "Elocity",
      "type": 1,
      "website": "http://elo.city"
    },
    {
      "code": "PL-KQE",
      "country": "pl",
      "email": "biuro@lotospaliwa.pl",
      "id": 28,
      "name": "LOTOS PALIWA Spółka z.o.o",
      "phone": "801345678",
      "short_name": "LOTOS",
      "type": 1
    },
    {
      "code": "PL-8BG",
      "country": "pl",
      "email": "pawel.slazyk@emiter.com",
      "id": 30,
      "name": "Z.U.P EMITER LIMANOWA",
      "phone": "+48695233358",
      "short_name": "EMITER ZEVS",
      "type": 1
    },
    {
      "code": "PL-8RJ",
      "country": "pl",
      "email": "urzad@piaseczno.eu",
      "id": 32,
      "name": "Urzad Miasta i Gminy Piaseczno",
      "phone": "227260090",
      "type": 1,
      "website": "http://www.piaseczno.eu"
    },
    {
      "code": "PL-LMS",
      "country": "pl",
      "email": "mc@kmt.net.pl",
      "id": 33,
      "name": "Last Mile Solutions",
      "phone": "48510106516",
      "short_name": "PLLMS",
      "type": 1
    },
    {
      "code": "PL-WAQ",
      "country": "pl",
      "email": "desk@garvest.com",
      "id": 34,
      "name": "MAGAR Sp. z o.o.",
      "phone": "+48666819246",
      "short_name": "MAGAR-P4",
      "type": 1
    },
    {
      "code": "PL-ECX",
      "country": "pl",
      "email": "info@dopower.eu",
      "id": 35,
      "name": "POWER EV Sp. z o.o.",
      "phone": "222330811",
      "short_name": "POWER_EV",
      "type": 1,
      "website": "http://www.dopower.pl"
    },
    {
      "code": "PL-1HC",
      "country": "pl",
      "email": "serwis@impwar.legnica.pl",
      "id": 36,
      "name": "Impwar Sp. z o.o.",
      "phone": "+48768570510",
      "short_name": "Impwar",
      "type": 1
    },
    {
      "code": "PL-RX8",
      "country": "pl",
      "email": "office@altilium.pl",
      "id": 37,
      "name": "Smart City Polska Spółka z ograniczoną odpowiedzialnością",
      "phone": "792-261-111",
      "short_name": "Smart City Polska Sp. z o.o.",
      "type": 1,
      "website": "http://smartcitypoland.com"
    },
    {
      "code": "PL-TEO",
      "country": "pl",
      "email": "d.puchala@techenergo.pl",
      "id": 38,
      "name": "Techenergo",
      "phone": "690-012-314",
      "short_name": "TE",
      "type": 1
    },
    {
      "code": "PL-7CC",
      "country": "pl",
      "email": "biuro@citypg.pl",
      "id": 39,
      "name": "City Parking Group S.A.",
      "phone": "+48566430022",
      "short_name": "CPG",
      "type": 1
    },
    {
      "code": "PL-RFW",
      "country": "pl",
      "email": "biuro@cityos.pl",
      "id": 40,
      "name": "CITYOS SPÓŁKA Z OGRANICZONĄ ODPOWIEDZIALNOŚCIĄ",
      "phone": "+48 690644278",
      "short_name": "cityOs",
      "type": 1,
      "website": "http://www.cityos.pl"
    },
    {
      "code": "PL-KM8",
      "country": "pl",
      "email": "emobility@energa.pl",
      "id": 41,
      "name": "Energa Obrót S. A.",
      "phone": "555-555-537",
      "type": 1,
      "website": "https://emobility.pl/"
    },
    {
      "code": "PL-NQN",
      "country": "pl",
      "email": "bielany@impwar.pl",
      "id": 42,
      "name": "IMPWAR SP. Z O.O.",
      "phone": "601901602",
      "type": 1
    },
    {
      "code": "PL-PKN",
      "country": "pl",
      "id": 44,
      "name": "PKN Orlen S.A.",
      "phone": "502167536",
      "short_name": "ORLEN",
      "type": 1,
      "website": "https://opinie.orlen.pl/"
    },
    {
      "code": "PL-FPK",
      "country": "pl",
      "email": "elektromobilnosc@eon.pl",
      "id": 45,
      "name": "E.ON Polska S.A.",
      "phone": "+48228213131",
      "short_name": "E.ON",
      "type": 1,
      "website": "https://eon.pl/dla-domu/oferta/e-mobility/publicznie-dostepne-ladowarki"
    },
    {
      "code": "PL-HA6",
      "country": "pl",
      "email": "inwestycje@um.legionowo.pl",
      "id": 46,
      "name": "Gmina Miejska Legionowo",
      "phone": "227664068",
      "type": 1
    },
    {
      "code": "PL-YWT",
      "country": "pl",
      "email": "biuro@kzl.com.pl",
      "id": 47,
      "name": "Kolejowe Zakłady Łączności sp. z o.o.",
      "phone": "52-518-36-70",
      "short_name": "KZŁ",
      "type": 1,
      "website": "https://www.kzl.com.pl"
    },
    {
      "code": "PL-SE7",
      "country": "pl",
      "email": "biuro@bmw.pl",
      "id": 48,
      "name": "BMW Vertriebs GmbH Sp. z o.o. oddział w Polsce",
      "phone": "22-279-71-00",
      "short_name": "BMW Polska",
      "type": 1,
      "website": "https://www.bmw.pl/pl/index.html"
    },
    {
      "code": "PL-X9D",
      "country": "pl",
      "email": "aszewczuk@rosa.pl",
      "id": 49,
      "name": "Zakłąd Produkcji Sprzętu Oświetleniowego \"ROSA\" Stanisław Rosa",
      "phone": "+48668418039",
      "short_name": "ROSA",
      "type": 1
    },
    {
      "code": "PL-CF5",
      "country": "pl",
      "email": "dyrektor@ad-rem.pl",
      "id": 50,
      "name": "Przedsiębiorstwo Handlowe AD*REM Wojciech Teszner",
      "phone": "914844215",
      "short_name": "P.H. AD*REM",
      "type": 1
    },
    {
      "code": "PL-15Y",
      "country": "pl",
      "email": "wkmiec@playada.pl",
      "id": 52,
      "name": "Playada Sp. z o.o.",
      "phone": "734-188-493",
      "type": 1
    },
    {
      "code": "PL-ES3",
      "country": "pl",
      "email": "evbox@engie.com",
      "id": 53,
      "name": "ENGIE Technika Instalacyjna Sp. z o.o.",
      "phone": "228519740",
      "type": 1
    },
    {
      "code": "PL-PDX",
      "country": "pl",
      "email": "p.tarkowski@krowodrzahotel.pl",
      "id": 54,
      "name": "ZAKŁAD DOSKONALENIA ZAWODOWEGO",
      "phone": "12 397-21-31",
      "short_name": "ZDZ KRAKÓW",
      "type": 1
    },
    {
      "code": "PL-GG8",
      "country": "pl",
      "id": 55,
      "name": "ENEA S.A.",
      "phone": "727564125",
      "short_name": "ENEA",
      "type": 1,
      "website": "http://www.enea.pl"
    },
    {
      "code": "PL-TTP",
      "country": "pl",
      "email": "info@ladowatt.eu",
      "id": 56,
      "name": "Ładowatt Sp. z o.o.",
      "phone": "791710289",
      "short_name": "Ładowatt",
      "type": 1,
      "website": "http://www.ladowatt.eu"
    },
    {
      "code": "PL-UQF",
      "country": "pl",
      "email": "biuro@hymon.pl",
      "id": 57,
      "name": "Stacja Ładowania Pojazdów",
      "phone": "690910280",
      "short_name": "Stacja Ładowania Pojazdów",
      "type": 1
    },
    {
      "code": "PL-CXM",
      "country": "pl",
      "email": "biuro@rawicom.pl",
      "id": 59,
      "name": "RAWICOM EV Sp. z o.o.",
      "phone": "+48523078080",
      "short_name": "RAWICOM EV",
      "type": 1,
      "website": "http://www.revnet.pl"
    },
    {
      "code": "PL-AXX",
      "country": "pl",
      "email": "mwlas@ems.gda.pl",
      "id": 61,
      "name": "Energy Management Systems",
      "phone": "+48602723324",
      "type": 1,
      "website": "http://evvolta.ems.gda.pl"
    },
    {
      "code": "PL-Q55",
      "country": "pl",
      "id": 62,
      "name": "Lidl sp. z o.o. sp. k.",
      "phone": "800-012-071",
      "type": 1,
      "website": "http://www.lidl.pl"
    },
    {
      "code": "PL-3T1",
      "country": "pl",
      "email": "kamil.wojewoda@kaufland.pl",
      "id": 63,
      "name": "Kaufland Polska Markety Sp. z o.o. Sp. k",
      "phone": "48713770791",
      "short_name": "Kaufland Polska Markety",
      "type": 1
    },
    {
      "code": "PL-Z75",
      "country": "pl",
      "email": "biuro@arinea.pl",
      "id": 64,
      "name": "Arinea sp. z o.o",
      "phone": "+48609321481",
      "type": 3,
      "website": "http://arinea.pl"
    },
    {
      "code": "PL-74W",
      "country": "pl",
      "email": "gmina@nadarzyn.pl",
      "id": 65,
      "name": "Urząd Gminy Nadarzyn",
      "phone": "227298185",
      "type": 1,
      "website": "http://www.nadarzyn.pl"
    },
    {
      "code": "PL-KP4",
      "country": "pl",
      "email": "biuro@kzl.com.pl",
      "id": 66,
      "name": "Kolejowe Zakłady Łączności Sp. z o.o.",
      "phone": "52-518-36-70",
      "short_name": "KZŁ",
      "type": 1,
      "website": "http://www.kzl.pl"
    },
    {
      "code": "PL-K31",
      "country": "pl",
      "email": "wojciech.dziwisz@ev-box.com",
      "id": 68,
      "name": "EVBox Poland Sp. z o.o.",
      "phone": "661-106-687",
      "short_name": "EVBox",
      "type": 1,
      "website": "https://evbox.com/en/hey-evbox-support"
    },
    {
      "code": "PL-M1H",
      "country": "pl",
      "email": "michal.grzywinski@kiongroup.com",
      "id": 69,
      "name": "PANATTONI DEVELOPMENT COMPANY SPÓŁKA Z OGRANICZONĄ ODPOWIEDZIALNOŚCIĄ SPÓŁKA KOMANDYTOWA",
      "phone": "+48669690434",
      "type": 1
    },
    {
      "code": "PL-GC7",
      "country": "pl",
      "email": "salon.warszawa@bmw-imp.pl",
      "id": 70,
      "name": "Inchcape Motor Polska Sp. z o.o.",
      "phone": "225333500",
      "short_name": "Inchcape Motor Polska Sp. z o.o.",
      "type": 1,
      "website": "http://www.warszawa.bmw-inchcape.pl"
    },
    {
      "code": "PL-HFH",
      "country": "pl",
      "email": "sekretariat@engie-instalacje.pl",
      "id": 71,
      "name": "ENGIE Technika Instalacyjna Sp. z o.o.",
      "phone": "223579046",
      "short_name": "ENGIEPL",
      "type": 1,
      "website": "https://engie-instalacje.pl/"
    },
    {
      "code": "PL-SUQ",
      "country": "pl",
      "email": "support@nexity.io",
      "id": 72,
      "name": "Gmina Nałęczów",
      "phone": "+48185428428",
      "short_name": "Gmina Nałęczów",
      "type": 1,
      "website": "http://www.nexity.io"
    },
    {
      "code": "PL-BJ4",
      "country": "pl",
      "email": "ecoplanet24@friendlyinnovation.com",
      "id": 73,
      "name": "Friendly Innovation sp. z o.o.",
      "phone": "+48 507131406",
      "short_name": "Friendly Innovation",
      "type": 1,
      "website": "http://www.ecoplanet24.com"
    },
    {
      "code": "PL-ION",
      "country": "pl",
      "email": "info@ionity.eu",
      "id": 74,
      "name": "IONITY",
      "phone": "+421918718664",
      "short_name": "ION",
      "type": 1,
      "website": "http://www.ionity.eu"
    },
    {
      "code": "PL-H32",
      "country": "pl",
      "email": "biuro@bisek-asfalt.pl",
      "id": 77,
      "name": "BISEK LNG SPÓŁKA Z OGRANICZONĄ ODPOWIEDZIALNOŚCIĄ",
      "phone": "695909094",
      "short_name": "BISEK LNG SP. Z O.O.",
      "type": 1,
      "website": "https://bisek-lng.pl/"
    },
    {
      "code": "PL-SZZ",
      "country": "pl",
      "id": 78,
      "name": "Pogoria Property Sp. z o.o.",
      "phone": "32-6399833",
      "type": 1,
      "website": "http://www.ch-pogoria.pl"
    },
    {
      "code": "PL-E99",
      "country": "pl",
      "email": "emobility@energa.pl",
      "id": 79,
      "name": "Energa Oświetlenie sp. z o.o.",
      "phone": "555555537",
      "short_name": "EOŚ",
      "type": 1,
      "website": "http://web.emobility.pl"
    },
    {
      "code": "PL-6XY",
      "country": "pl",
      "email": "biuro@zgmgrodzisk.pl",
      "id": 80,
      "name": "Zakład Gospodarki Mieszkaniowej",
      "phone": "227-555-231",
      "short_name": "ZGM",
      "type": 1,
      "website": "http://www.zgmgrodzisk.pl"
    },
    {
      "code": "PL-AFG",
      "country": "pl",
      "email": "jkupczak@nowysacz.pl",
      "id": 81,
      "name": "Miasto Nowy Sącz",
      "phone": "18-415-65-50",
      "type": 1
    },
    {
      "code": "PL-PC7",
      "country": "pl",
      "email": "umig@pobiedziska.pl",
      "id": 82,
      "name": "Urząd Miasta i Gminy Pobiedziska",
      "phone": "618977100",
      "type": 1,
      "website": "http://www.pobiedziska.pl"
    },
    {
      "code": "PL-H1G",
      "country": "pl",
      "email": "bartlomiej.grzywinski@ing.pl",
      "id": 83,
      "name": "ING Bank Śląski S.A.",
      "phone": "693-180-034",
      "short_name": "ING Bank",
      "type": 1,
      "website": "http://ing.pl"
    },
    {
      "code": "PL-9QQ",
      "country": "pl",
      "email": "support@nexity.io",
      "id": 84,
      "name": "ESV S.A.",
      "phone": "48185428428",
      "short_name": "ESV",
      "type": 1,
      "website": "http://www.nexity.io"
    },
    {
      "code": "PL-G3K",
      "country": "pl",
      "email": "sekretariat@switon-paczkowski.pl",
      "id": 85,
      "name": "AUTO SALON ŚWITOŃ-PACZKOWSKI H. ŚWITOŃ, H. i E. PACZKOWSCY SP.J.",
      "phone": "767592600",
      "type": 1,
      "website": "http://www.switon-paczkowski.pl"
    },
    {
      "code": "PL-SCE",
      "country": "pl",
      "email": "jerzy.przybylowski@michelin.com",
      "id": 86,
      "name": "Michelin Polska S.A",
      "phone": "895394510",
      "short_name": "Michelin",
      "type": 1
    },
    {
      "code": "PL-NXA",
      "country": "pl",
      "email": "support@nexity.io",
      "id": 87,
      "name": "„IGNASZAK” spółka z ograniczoną odpowiedzialnością sp.k.",
      "phone": "48185428428",
      "short_name": "IGNASZAK",
      "type": 1,
      "website": "http://www.nexity.io"
    },
    {
      "code": "PL-Z1G",
      "country": "pl",
      "email": "mkoczur@takenaka.pl",
      "id": 88,
      "name": "Toyota Motors Manufacturing Poland Sp. z o.o.",
      "phone": "797701840",
      "short_name": "TMMP-W",
      "type": 1
    },
    {
      "code": "PL-Y5H",
      "country": "pl",
      "email": "serwis.elblag@hadm.pl",
      "id": 90,
      "name": "PHU HADM Mieczysław Gramatowski",
      "phone": "720820164",
      "short_name": "HADM Skoda i Citroen",
      "type": 1,
      "website": "http://www.hadm.pl"
    },
    {
      "code": "PL-P1U",
      "country": "pl",
      "email": "info@greengoo.eu",
      "id": 91,
      "name": "GreenGoo Spółka z ograniczoną odpowiedzialnością",
      "phone": "800802801",
      "short_name": "GreenGoo Sp. z o.o.",
      "type": 1
    },
    {
      "code": "PL-RJB",
      "country": "pl",
      "email": "info@evmeter.pl",
      "id": 92,
      "name": "Televend Paweł Ożga",
      "phone": "662176677",
      "short_name": "Televend",
      "type": 1,
      "website": "http://www.evmeter.pl"
    },
    {
      "code": "PL-8BN",
      "country": "pl",
      "email": "fluor.gliwice@fluor.com",
      "id": 93,
      "name": "FLUOR S.A.",
      "phone": "48322391500",
      "type": 1,
      "website": "http://www.fluor.com"
    },
    {
      "code": "PL-PHB",
      "country": "pl",
      "email": "kartybiuroobslugi-pl@shell.com",
      "id": 95,
      "name": "Shell Polska Sp. z o.o.",
      "phone": "+48225700000",
      "short_name": "Shell Polska",
      "type": 1,
      "website": "http://www.shell.pl/lngdlabiznesu"
    },
    {
      "code": "PL-NOX",
      "country": "pl",
      "email": "zamow@noxo.energy",
      "id": 96,
      "name": "NOXO ENERGY Sp. z o.o.",
      "phone": "224794040",
      "short_name": "NOXO.",
      "type": 1,
      "website": "http://www.noxo.energy"
    },
    {
      "code": "PL-1EE",
      "country": "pl",
      "email": "platan@apsysgroup.pl",
      "id": 98,
      "name": "Platan Property Sp. z o.o.",
      "phone": "32-278-67-62",
      "short_name": "Platan",
      "type": 1
    },
    {
      "code": "PL-BJD",
      "country": "pl",
      "email": "krystian@autotim.com.pl",
      "id": 99,
      "name": "Auto Tim Janeczoko sp. z o.o.",
      "phone": "601558163",
      "short_name": "AutoTim",
      "type": 1,
      "website": "http://www.fiat-opole.pl"
    },
    {
      "code": "PL-E6Z",
      "country": "pl",
      "email": "piotr.lesiak@bursiak.pl",
      "id": 101,
      "name": "PHU BURSIAK Sp. z o.o.",
      "phone": "503094985",
      "short_name": "BURSIAK",
      "type": 1,
      "website": "http://www.bursiak.pl"
    },
    {
      "code": "PL-GPF",
      "country": "pl",
      "email": "contact@ekoenergetyka.com.pl",
      "id": 102,
      "name": "Ekoenergetyka Polska S.A.",
      "phone": "683282068",
      "type": 1,
      "website": "https://ekoenergetyka.com.pl/"
    },
    {
      "code": "PL-1NQ",
      "country": "pl",
      "email": "support@nexity.io",
      "id": 103,
      "name": "Żabka Polska Spółka z ograniczoną odpowiedzialnością",
      "phone": "+48185-428-428",
      "short_name": "Żabka Polska Sp. z o. o.",
      "type": 1,
      "website": "http://www.nexity.io"
    },
    {
      "code": "PL-331",
      "country": "pl",
      "email": "recepcja@hotelwarszawa.pl",
      "id": 104,
      "name": "Hotel Warszawa Sp. z o.o.",
      "phone": "876438500",
      "short_name": "Hotel Warszawa",
      "type": 1,
      "website": "http://www.hotelwarszawa.pl"
    },
    {
      "code": "PL-8GY",
      "country": "pl",
      "email": "t.biernat@automocpolska.pl",
      "id": 105,
      "name": "Automoc Polska spółka z ograniczoną odpowiedzialnością",
      "phone": "790211129",
      "short_name": "Automoc Polska Sp. z o.o.",
      "type": 1,
      "website": "https://automocpolska.pl/"
    },
    {
      "code": "PL-EY2",
      "country": "pl",
      "email": "salon@skoda-dobron.pl",
      "id": 106,
      "name": "Dobroń JTB Sp. z o. o. sp. k.",
      "phone": "426130770",
      "short_name": "Dobroń JTB",
      "type": 1,
      "website": "http://skoda-dobron.pl"
    },
    {
      "code": "PL-NY7",
      "country": "pl",
      "email": "ladowarki@subsolelab.pl",
      "id": 107,
      "name": "NEVADA INVEST MAREK CHMIELEWSKI",
      "phone": "797140493",
      "short_name": "Stacja Ładowania SubsoleLAB",
      "type": 1,
      "website": "http://www.subsolelab.pl"
    },
    {
      "code": "PL-GTA",
      "country": "pl",
      "email": "kontakt@auto-blak.pl",
      "id": 109,
      "name": "AUTO-BLAK SP. Z O.O.",
      "phone": "228991966",
      "short_name": "AUTO-BLAK",
      "type": 1,
      "website": "http://www.auto-blak.pl"
    },
    {
      "code": "PL-YCQ",
      "country": "pl",
      "email": "biuro@business-house.co",
      "id": 110,
      "name": "Business House Renata Frączkiewicz",
      "phone": "422560666",
      "short_name": "Business House",
      "type": 1
    },
    {
      "code": "PL-4WY",
      "country": "pl",
      "email": "urzad@srem.pl",
      "id": 111,
      "name": "Gmina Śrem",
      "phone": "612847145",
      "type": 1
    },
    {
      "code": "PL-JNH",
      "country": "pl",
      "email": "dyspozytor_gpz@portgdansk.pl",
      "id": 112,
      "name": "Zarząd Morskiego Portu Gdańsk S.A.",
      "phone": "510106516",
      "short_name": "ZMPG S.A.",
      "type": 1
    },
    {
      "code": "PL-FQ5",
      "country": "pl",
      "email": "ladowarki@iel.pl",
      "id": 113,
      "name": "Sieć Badawcza Łukasiewicz - Instytut Elektrotechniki",
      "phone": "221125384",
      "short_name": "Ł-IEL",
      "type": 1,
      "website": "https://iel.pl/"
    },
    {
      "code": "PL-DKA",
      "country": "pl",
      "id": 114,
      "name": "MIM Sp. z o.o.",
      "phone": "22-100-23-41",
      "short_name": "MCER",
      "type": 1,
      "website": "http://www.mcer.pl"
    },
    {
      "code": "PL-R6U",
      "country": "pl",
      "email": "ankarbiuro2@gmail.com",
      "id": 115,
      "name": "P. H. ANKAR Grzegorz Kuruc",
      "phone": "501039791",
      "short_name": "Ankar",
      "type": 1,
      "website": "http://www.ankarmodameska.pl"
    },
    {
      "code": "PL-ABF",
      "country": "pl",
      "email": "sekretariat@gzog.pl",
      "id": 116,
      "name": "Górnośląski Zakład Obsługi Gazownictwa SP. z o.o.",
      "phone": "32-376-19-99",
      "short_name": "GZOG Sp. z o.o.",
      "type": 1
    },
    {
      "code": "PL-3ZJ",
      "country": "pl",
      "id": 117,
      "name": "Zakład Energetyki Cieplnej Sp. z o.o.",
      "phone": "723221730",
      "type": 1,
      "website": "https://www.zec-bialogard.pl"
    },
    {
      "code": "PL-7Z6",
      "country": "pl",
      "email": "paliwa@citronex.pl",
      "id": 118,
      "name": "Citronex I Sp. z o. o.",
      "phone": "608625198",
      "short_name": "Citronex",
      "type": 1,
      "website": "http://www.dyskontpaliwowy.pl"
    },
    {
      "code": "PL-HZF",
      "country": "pl",
      "email": "gozana@onet.eu",
      "id": 119,
      "name": "Stacja Paliw GOZANA Wiesław Godlewski Janusz Zakrzewski Ryszard Napiórkowski Spółka Jawna",
      "phone": "29-717-25-89",
      "short_name": "Stacja Paliw GOZANA Sp.J",
      "type": 1,
      "website": "http://gozana.pl"
    },
    {
      "code": "PL-Z63",
      "country": "pl",
      "email": "biuro@lek3.co",
      "id": 120,
      "name": "SafeFleet Sp. z o.o.",
      "phone": "222452391",
      "short_name": "SafeFleet",
      "type": 1,
      "website": "http://www.lektri.co"
    },
    {
      "code": "PL-66U",
      "country": "pl",
      "email": "manufaktura@manufaktura.com",
      "id": 122,
      "name": "APSYS POLSKA SPÓŁKA AKCYJNA",
      "phone": "42 664-92-60",
      "short_name": "APSYS",
      "type": 1,
      "website": "http://www.manufaktura.com"
    },
    {
      "code": "PL-3CZ",
      "country": "pl",
      "email": "info@elveh.pl",
      "id": 123,
      "name": "DigiSupply - Mariusz Lasek",
      "phone": "575-141-184",
      "short_name": "ELVEH",
      "type": 1,
      "website": "http://www.elveh.pl"
    },
    {
      "code": "PL-R52",
      "country": "pl",
      "id": 124,
      "name": "CityMotors sp zo.o.",
      "phone": "507316743",
      "type": 1,
      "website": "http://www.volkswagengdansk.pl"
    },
    {
      "code": "PL-QWK",
      "country": "pl",
      "email": "info@epolng.pl",
      "id": 125,
      "name": "EPO WAREHOUSE SP. Z O.O.",
      "phone": "532747809",
      "short_name": "EPO LNG",
      "type": 1,
      "website": "http://www.epolng.pl"
    },
    {
      "code": "PL-KT3",
      "country": "pl",
      "email": "info@lellek.com.pl",
      "id": 127,
      "name": "AUTO LELLEK GROUP Sp. zo. o Sp. k.",
      "phone": "77-400-70-00",
      "type": 1,
      "website": "https://portal.lellek.pl/"
    },
    {
      "code": "PL-3RF",
      "country": "pl",
      "email": "recepcja.gd@benepol.pl",
      "id": 130,
      "name": "BENEPOL",
      "phone": "583038936",
      "short_name": "Benepol Gdańsk",
      "type": 1
    },
    {
      "code": "PL-Q8C",
      "country": "pl",
      "email": "recepcja@pandv.com.pl",
      "id": 131,
      "name": "\"P and V\" sp. z o.o.",
      "phone": "795400015",
      "type": 1,
      "website": "https://potisandverso.pl/"
    },
    {
      "code": "PL-GAM",
      "country": "pl",
      "email": "hello@currentdrive.pl",
      "id": 132,
      "name": "CurrentDrive Polska",
      "phone": "604212880",
      "type": 1,
      "website": "http://currentdrive.pl"
    },
    {
      "code": "PL-18C",
      "country": "pl",
      "email": "urzad@um.kutno.pl",
      "id": 133,
      "name": "MIASTO KUTNO",
      "phone": "+48-24-253-11-00",
      "type": 1
    },
    {
      "code": "PL-U48",
      "country": "pl",
      "email": "serwis@noma2.com.pl",
      "id": 134,
      "name": "Noma 2 Sp. z o.o.",
      "phone": "323588141",
      "short_name": "Noma 2",
      "type": 1,
      "website": "http://www.salonynoma.pl"
    },
    {
      "code": "PL-ZM3",
      "country": "pl",
      "email": "centrala@uesa.pl",
      "id": 135,
      "name": "uesa Polska Sp z o.o.",
      "phone": "004868372-50-00",
      "short_name": "uesa Polska",
      "type": 1
    },
    {
      "code": "PL-S4B",
      "country": "pl",
      "email": "sekretariat@gall-icm.com.pl",
      "id": 136,
      "name": "GALL-ICM M. i I. Majcher Sp. J.",
      "phone": "71-364-74-30",
      "type": 1
    },
    {
      "code": "PL-3X3",
      "country": "pl",
      "email": "biuro@agacki-szymczak.pl",
      "id": 137,
      "name": "AGACKI-SZYMCZAK SPÓŁKA JAWNA",
      "phone": "881-062-750",
      "short_name": "AGACKI-SZYMCZAK SP.J.",
      "type": 1,
      "website": "https://www.agacki-szymczak.pl/"
    },
    {
      "code": "PL-MMA",
      "country": "pl",
      "email": "hotel@hotelplatan.gda.pl",
      "id": 138,
      "name": "ELKOMPLEX Andrzej Jarząbkowski",
      "phone": "+48587178600",
      "short_name": "Hotel Platan***",
      "type": 1,
      "website": "https://hotelplatan.gda.pl/stacja-ladowania-samochodow-elektrycznych/"
    },
    {
      "code": "PL-SCS",
      "country": "pl",
      "email": "schiever@schiever.com.pl",
      "id": 139,
      "name": "IMMO SI POLSKA SPÓŁKA Z OGRANICZONĄ ODPOWIEDZIALNOŚCIĄ",
      "phone": "797029967",
      "short_name": "IMMO SI",
      "type": 1,
      "website": "http://www.bi1.pl"
    },
    {
      "code": "PL-JR3",
      "country": "pl",
      "email": "serwis@vw-mroczkowski.pl",
      "id": 140,
      "name": "Mroczkowski Sp. Jawna",
      "phone": "61-28-511-23",
      "type": 1
    },
    {
      "code": "PL-49J",
      "country": "pl",
      "id": 141,
      "name": "GMINA SKARBIMIERZ",
      "phone": "774046600",
      "type": 1,
      "website": "http://ug@skarbimierz.pl"
    },
    {
      "code": "PL-MH4",
      "country": "pl",
      "email": "kontakt@hubymobilnosci.pl",
      "id": 143,
      "name": "Huby Mobilności sp. z o.o.",
      "phone": "501533227",
      "type": 1,
      "website": "https://hubymobilnosci.pl/"
    },
    {
      "code": "PL-X7M",
      "country": "pl",
      "email": "biuro@elbud.com.pl",
      "id": 144,
      "name": "ELBUD Bełchatów",
      "phone": "+48123789614",
      "short_name": "ELBUD",
      "type": 1,
      "website": "http://www.elbud.com.pl"
    },
    {
      "code": "PL-YUU",
      "country": "pl",
      "email": "recepcja@bachledaresort.pl",
      "id": 145,
      "name": "Bachleda Hotel Zakopane Sp. z o.o.",
      "phone": "18 20-23-100",
      "type": 1,
      "website": "https://bachledaresort.pl/"
    },
    {
      "code": "PL-51C",
      "country": "pl",
      "email": "sekretariat@niedzica.pl",
      "id": 146,
      "name": "Zespół Elektrowni Wodnych Niedzica Spółka Akcyjna",
      "phone": "182610150",
      "short_name": "ZEW Niedzica S.A.",
      "type": 1
    },
    {
      "code": "PL-JQE",
      "country": "pl",
      "email": "stacja@ursamaior.pl",
      "id": 147,
      "name": "Ursa Maior sp. z o.o. SKA",
      "phone": "134612510",
      "type": 1,
      "website": "http://www.ursamaior.pl"
    },
    {
      "code": "PL-9W5",
      "country": "pl",
      "email": "kc@lastmilesolutions.com",
      "id": 150,
      "name": "Plichta Spółka z ograniczoną odpowiedzialnością Spółka komandytowa",
      "phone": "502-605-566",
      "short_name": "Plichta Sp. z o.o.",
      "type": 1,
      "website": "http://www.lastmilesolutions.com"
    },
    {
      "code": "PL-UD9",
      "country": "pl",
      "email": "biuro@arinea.pl",
      "id": 151,
      "name": "Arinea-Tech Anna Piorun",
      "phone": "791555861",
      "short_name": "Arinea-Tech",
      "type": 1,
      "website": "http://www.wallbox.pl"
    },
    {
      "code": "PL-QB8",
      "country": "pl",
      "email": "michal.witczak@euro.com.pl",
      "id": 152,
      "name": "Euro-NET Sp. z o. o.",
      "phone": "571411029",
      "short_name": "EURO",
      "type": 1
    },
    {
      "code": "PL-B7G",
      "country": "pl",
      "email": "serwis@berdychowski.com.pl",
      "id": 153,
      "name": "Berdychowski Sp.J.",
      "phone": "502291765",
      "short_name": "Berdychowski Sp.J.",
      "type": 1,
      "website": "https://berdychowski.dealer.volkswagen.pl"
    },
    {
      "code": "PL-BQP",
      "country": "pl",
      "email": "sekretariat_zgora@switon-paczkowski.pl",
      "id": 154,
      "name": "Świtoń-Paczkowski sp. z o.o.",
      "phone": "68-478-69-00",
      "short_name": "Świtoń-Paczkowski sp. z o.o.",
      "type": 1,
      "website": "http://www.switon-paczkowski.pl"
    },
    {
      "code": "PL-GQG",
      "country": "pl",
      "email": "sekretariat@um.lapy.pl",
      "id": 155,
      "name": "Gmina Łapy",
      "phone": "857152251",
      "short_name": "Gmina Łapy",
      "type": 1,
      "website": "http://www.lapy.pl/"
    },
    {
      "code": "PL-BD9",
      "country": "pl",
      "email": "atoleipa@gmail.com",
      "id": 156,
      "name": "Waryński Atol Spółka z ograniczoną odpowiedzialnością Sp. k.",
      "phone": "+48100100100",
      "short_name": "Waryński Atol Sp. z o. o. Sp. k.",
      "type": 1
    },
    {
      "code": "PL-42S",
      "country": "pl",
      "email": "lukasz.dziub@polenergia.pl",
      "id": 157,
      "name": "Polenergia eMobility sp. z o.o.",
      "phone": "789256092",
      "type": 1
    },
    {
      "code": "PL-G3X",
      "country": "pl",
      "email": "support@nexity.io",
      "id": 158,
      "name": "Biacomex Spółka Akcyjna",
      "phone": "48185428428",
      "short_name": "Biacomex S.A.",
      "type": 1,
      "website": "http://www.nexity.io"
    },
    {
      "code": "PL-B6N",
      "country": "pl",
      "email": "emobility@energa.pl",
      "id": 159,
      "name": "Allcon Osiedla Apartamenty Sp. z o. o.",
      "phone": "555555537",
      "short_name": "Allcon",
      "type": 1
    },
    {
      "code": "PL-NH2",
      "country": "pl",
      "email": "recepcja@scandinaviaresort.pl",
      "id": 160,
      "name": "Scandinavia Resort",
      "phone": "731008709",
      "short_name": "Scandinavia Resort",
      "type": 1,
      "website": "http://www.scandinaviaresort.pl"
    },
    {
      "code": "PL-35S",
      "country": "pl",
      "email": "kontakt@cichy-zasada.pl",
      "id": 161,
      "name": "Grupa Cichy–Zasada Spolka z ograniczona odpowiedzialnoscia Spolka jawna",
      "phone": "225442131",
      "short_name": "Grupa Cichy-Zasada sp. z o.o. sp.j.",
      "type": 1
    },
    {
      "code": "PL-RM3",
      "country": "pl",
      "email": "support@nexity.io",
      "id": 162,
      "name": "Auto Lellek Group Sp. z o.o.-sp.k.",
      "phone": "48185428428",
      "short_name": "Lellek Opole",
      "type": 1,
      "website": "http://www.nexity.io"
    },
    {
      "code": "PL-NA1",
      "country": "pl",
      "email": "support@nexity.io",
      "id": 163,
      "name": "Sądeckie Wodociągi Sp z o.o.",
      "phone": "48185428428",
      "short_name": "Sądeckie Wodociągi",
      "type": 1,
      "website": "http://www.nexity.io"
    },
    {
      "code": "PL-ZST",
      "country": "pl",
      "email": "support@nexity.io",
      "id": 164,
      "name": "AUTOCENTRUM GLIWICE-LELLEK GROUP SPÓŁKA Z OGRANICZONĄ ODPOWIEDZIALNOŚCIĄ–SPÓŁKAKOMANDYTOWA",
      "phone": "48185428428",
      "short_name": "Lellek Gliwice",
      "type": 1,
      "website": "http://www.nexity.io"
    },
    {
      "code": "PL-5YC",
      "country": "pl",
      "email": "support@nexity.io",
      "id": 165,
      "name": "KATOWICE LELLEK GROUP SPÓŁKA Z OGRANICZONĄ ODPOWIEDZIALNOŚCIĄ–SPÓŁKAKOMANDYTOWA",
      "phone": "48185428428",
      "short_name": "Lellek Group Katowice",
      "type": 1,
      "website": "http://www.nexity.io"
    },
    {
      "code": "PL-HQX",
      "country": "pl",
      "email": "support@nexity.io",
      "id": 166,
      "name": "AUTO CENTRUM KOŹLE LELLEK GROUP Sp.zo.o. Sp.k.",
      "phone": "48185428428",
      "short_name": "Lellek Group Kędzierzyn Koźle",
      "type": 1,
      "website": "http://www.nexity.io"
    },
    {
      "code": "PL-9K2",
      "country": "pl",
      "email": "support@nexity.io",
      "id": 167,
      "name": "Nexity Hotel Conrad Comfort",
      "phone": "48185428428",
      "short_name": "Hotel Conrad",
      "type": 1,
      "website": "http://www.nexity.io"
    },
    {
      "code": "PL-UNN",
      "country": "pl",
      "email": "serwis@autoforum.pl",
      "id": 168,
      "name": "Auto Forum Sp.z.o.o.",
      "phone": "243661111",
      "type": 1
    },
    {
      "code": "PL-MC6",
      "country": "pl",
      "email": "serwis@autohancza.pl",
      "id": 169,
      "name": "AUTO HAŃCZA",
      "phone": "875630543",
      "short_name": "AUTO HAŃCZA",
      "type": 1,
      "website": "http://www.autohancza.vw.pl"
    },
    {
      "code": "PL-MRE",
      "country": "pl",
      "email": "zarzad@skoda.watarski.pl",
      "id": 170,
      "name": "Wątarski Sp. z o.o.",
      "phone": "502-60-55-66",
      "type": 1,
      "website": "http://www.skoda.watarski.pl"
    },
    {
      "code": "PL-UFN",
      "country": "pl",
      "email": "urzad@nowytomysl.pl",
      "id": 171,
      "name": "GMINA NOWY TOMYŚL",
      "phone": "61-44-26-600",
      "short_name": "GMINA NOWY TOMYŚL",
      "type": 1,
      "website": "https://nowytomysl.pl/"
    },
    {
      "code": "PL-XHP",
      "country": "pl",
      "email": "support@nexity.io",
      "id": 172,
      "name": "Dino Polska S.A.",
      "phone": "+48185428428",
      "short_name": "Dino",
      "type": 1,
      "website": "http://www.nexity.io"
    },
    {
      "code": "PL-3FQ",
      "country": "pl",
      "email": "support@nexity.io",
      "id": 173,
      "name": "Nexity Global",
      "phone": "48185428428",
      "short_name": "Nexity",
      "type": 1,
      "website": "http://www.nexity.io"
    },
    {
      "code": "PL-2AB",
      "country": "pl",
      "email": "biuro@wczasowa8.pl",
      "id": 174,
      "name": "wczasowa8.pl Paweł Tykwiński",
      "phone": "501764552",
      "short_name": "wczasowa8.pl",
      "type": 1,
      "website": "http://wczasowa8.pl"
    },
    {
      "code": "PL-MRQ",
      "country": "pl",
      "email": "jantar@arka-mega.pl",
      "id": 175,
      "name": "Hotel Jantar",
      "phone": "0048914394231",
      "short_name": "Hotel Jantar",
      "type": 1,
      "website": "https://jantarszczecin.pl"
    },
    {
      "code": "PL-MFN",
      "country": "pl",
      "id": 176,
      "name": "PRZEDSIĘBIORSTWO HANDLOWO-USŁUGOWE ANNDORA SP. Z O.O.",
      "phone": "725272002",
      "short_name": "ANNDORA",
      "type": 1,
      "website": "http://autoneo.co"
    },
    {
      "code": "PL-115",
      "country": "pl",
      "email": "serwis@autoluzar.pl",
      "id": 177,
      "name": "AUTO GROUP LUZAR SP Z O.O.",
      "phone": "122527400",
      "short_name": "AGL",
      "type": 1,
      "website": "http://www.autoluzar.pl"
    },
    {
      "code": "PL-1GM",
      "country": "pl",
      "email": "serwis@kaminski-vw.pl",
      "id": 180,
      "name": "Autoryzowany Serwis Volkswagena i Skody Kamiński i Spółka",
      "phone": "564934827",
      "short_name": "Kamiński i Spółka",
      "type": 1
    },
    {
      "code": "PL-PXG",
      "country": "pl",
      "email": "salon.lodz@bednarek.com.pl",
      "id": 184,
      "name": "Łódź JTB sp. z o. o. sp. k.",
      "phone": "426130700",
      "type": 1,
      "website": "http://www.bednarek.com.pl"
    },
    {
      "code": "PL-WMJ",
      "country": "pl",
      "email": "kontakt@1-drive.pl",
      "id": 185,
      "name": "1-Drive Szymon Cieśla",
      "phone": "509087089",
      "short_name": "1-Drive Szymon Cieśla",
      "type": 1,
      "website": "http://www.1-drive.pl"
    },
    {
      "code": "PL-C8J",
      "country": "pl",
      "email": "kontakt@3kf.energy",
      "id": 186,
      "name": "Grupa 3KF Sp. z o.o.",
      "phone": "601261261",
      "short_name": "3KF",
      "type": 1,
      "website": "http://www.3kf.energy"
    },
    {
      "code": "PL-JA8",
      "country": "pl",
      "email": "support@nexity.io",
      "id": 188,
      "name": "PPHU Eksport-Import ,,Martina'' Walczak Mirosław",
      "phone": "+48185428428",
      "short_name": "Martina",
      "type": 1,
      "website": "http://www.nexity.io"
    },
    {
      "code": "PL-HD5",
      "country": "pl",
      "email": "support@nexity.io",
      "id": 189,
      "name": "KIM SP z o.o.",
      "phone": "48185428428",
      "short_name": "KIM",
      "type": 1,
      "website": "http://www.nexity.io"
    },
    {
      "code": "PL-TME",
      "country": "pl",
      "email": "kontakt@przylasek-rusiecki.pl",
      "id": 190,
      "name": "Mariusz Szymacha",
      "phone": "533078268",
      "type": 1,
      "website": "http://przylasek-rusiecki.pl"
    },
    {
      "code": "PL-TQP",
      "country": "pl",
      "email": "emobility@energa.pl",
      "id": 192,
      "name": "Dekpol Inwestycje Sp. z o. o. Sol Marina Sp. k.",
      "phone": "555555537",
      "short_name": "Dekpol Inwestycje Sol Marina",
      "type": 1
    },
    {
      "code": "PL-8KJ",
      "country": "pl",
      "email": "oso.aneta@wp.pl",
      "id": 193,
      "name": "ANETT-TRANS SPEDYCJA-LOGISTYKA ANETA OSOWSKA",
      "phone": "502565612",
      "type": 1
    },
    {
      "code": "PL-MU4",
      "country": "pl",
      "id": 194,
      "name": "AUTOREMO SPÓŁKA JAWNA ANDRZEJ I EDWARD KUCHTA",
      "phone": "+48182001210",
      "short_name": "Autoremo",
      "type": 1,
      "website": "https://www.autoremo.pl/kontakt/"
    },
    {
      "code": "PL-AQX",
      "country": "pl",
      "email": "sekretariat@drewnica.pl",
      "id": 195,
      "name": "Mazowiecki Szpital Wojewódzki Drewnica spółka z o.o.",
      "phone": "224197233",
      "short_name": "MSW Drewnica",
      "type": 1,
      "website": "http://drewnica.pl"
    },
    {
      "code": "PL-Z6H",
      "country": "pl",
      "id": 196,
      "name": "NZOZ Gemini",
      "phone": "508151181",
      "type": 1,
      "website": "http://www.nzozgemini.pl"
    },
    {
      "code": "PL-KYR",
      "country": "pl",
      "email": "jerzy.jasiak@szpitalwojskowy.pl",
      "id": 197,
      "name": "21 Wojskowy Szpital Uzdrowiskowo-Rehabilitacyjny SPZOZ",
      "phone": "515275618; 515275621",
      "short_name": "21WSzU-R",
      "type": 1,
      "website": "http://www.szpitalwojskowy.pl"
    },
    {
      "code": "PL-2JC",
      "country": "pl",
      "id": 198,
      "name": "Platan Hotels & Resorts Sp. z o.o.",
      "phone": "506676440",
      "short_name": "Platan Hotels & Resorts Sp. z o.o.",
      "type": 1,
      "website": "http://www.hotelaries.pl"
    },
    {
      "code": "PL-WSY",
      "country": "pl",
      "email": "info@3ev.pl",
      "id": 199,
      "name": "MKB Monika Kaczyńska",
      "phone": "513089192",
      "short_name": "MKB",
      "type": 1,
      "website": "http://www.3ev.pl"
    },
    {
      "code": "PL-2JB",
      "country": "pl",
      "id": 200,
      "name": "Zakłady Urządzeń Komputerowych ELZAB S.A.",
      "phone": "32-245-00-50",
      "short_name": "Elzab S.A.",
      "type": 1,
      "website": "http://www.elzab.pl"
    },
    {
      "code": "PL-KRA",
      "country": "pl",
      "email": "p.bakowski@city-hotel.pl",
      "id": 201,
      "name": "Hotel City Sp. z o.o.",
      "phone": "+48523252500",
      "short_name": "Hotel City Sp. z o.o.",
      "type": 1
    },
    {
      "code": "PL-BQ6",
      "country": "pl",
      "email": "info@iconic-development.com",
      "id": 202,
      "name": "Iconic spółka z ograniczoną odpowiedzialnością",
      "phone": "792826492",
      "short_name": "Iconic sp. z o.o.",
      "type": 1
    },
    {
      "code": "PL-QY9",
      "country": "pl",
      "email": "serwis@nova.dealervolvo.pl",
      "id": 203,
      "name": "Nova M.K. Słodkiewicz sp.j.",
      "phone": "+48426802353",
      "short_name": "Nova",
      "type": 1
    },
    {
      "code": "PL-4DM",
      "country": "pl",
      "email": "umg@serock.pl",
      "id": 204,
      "name": "Miasto i Gmina Serock",
      "phone": "0227828800",
      "short_name": "MiG Serock",
      "type": 1,
      "website": "http://www.serock.pl"
    },
    {
      "code": "PL-4TY",
      "country": "pl",
      "email": "info@porsche-krakow.pl",
      "id": 206,
      "name": "Auto Premium Kus Sp. z o.o. S.K.",
      "phone": "126126911",
      "short_name": "Porsche Centrum Kraków",
      "type": 1
    },
    {
      "code": "PL-8P7",
      "country": "pl",
      "email": "operator@sigmapolska.pl",
      "id": 207,
      "name": "SIGMA TECHNOLOGY & ENERGY SOLUTIONS Sp. z o.o.",
      "phone": "570799500",
      "short_name": "SIGMA",
      "type": 1
    },
    {
      "code": "PL-2BB",
      "country": "pl",
      "email": "mikolaj.wojtasiak@hotmail.com",
      "id": 208,
      "name": "Campi Verdi Sp. z o.o.",
      "phone": "730115155",
      "type": 1
    },
    {
      "code": "PL-XZP",
      "country": "pl",
      "email": "j.szeliga@czach.dealervolvo.pl",
      "id": 209,
      "name": "Danuta i Ryszard Czach Sp. z o.o. Autoryzowany Dealer VOLVO",
      "phone": "178668160",
      "short_name": "Dealer VOLVO",
      "type": 1,
      "website": "https://czach.volvocars-partner.pl"
    },
    {
      "code": "PL-DEJ",
      "country": "pl",
      "email": "lcjdl.res@hilton.com",
      "id": 211,
      "name": "Film Hotel Sp. z o. o.",
      "phone": "422088000",
      "short_name": "DoubleTree by Hilton Łódź",
      "type": 1,
      "website": "http://www.doubletreelodz.pl"
    },
    {
      "code": "PL-RZD",
      "country": "pl",
      "email": "gok@walce.pl",
      "id": 212,
      "name": "Gmina Walce",
      "phone": "774660113",
      "short_name": "UG Walce",
      "type": 1
    },
    {
      "code": "PL-7MP",
      "country": "pl",
      "email": "info@kreolabs.com",
      "id": 213,
      "name": "KreoLabs Sp. z o.o.",
      "phone": "509236131",
      "short_name": "KreoLabs",
      "type": 1
    },
    {
      "code": "PL-FBN",
      "country": "pl",
      "email": "tomaszbonk@me.com",
      "id": 214,
      "name": "Tomasz Bonk",
      "phone": "697902904",
      "short_name": "TB",
      "type": 1
    },
    {
      "code": "PL-71D",
      "country": "pl",
      "email": "gospodarkakomunalna@kaczory.pl",
      "id": 215,
      "name": "Gmina Kaczory",
      "phone": "663222338",
      "short_name": "Gmina Kaczory",
      "type": 1,
      "website": "http://www.kaczory.pl"
    },
    {
      "code": "PL-5Z9",
      "country": "pl",
      "id": 217,
      "name": "Wadowscy Sp. z o.o.",
      "phone": "693408600",
      "type": 1,
      "website": "http://wadowscy.dealervolvo.pl"
    },
    {
      "code": "PL-AQP",
      "country": "pl",
      "email": "serwis@poczta.rexauto.com.pl",
      "id": 218,
      "name": "Rex Auto Sp. z o.o.",
      "phone": "+48535737767",
      "short_name": "Rex Auto Sp. z o.o.",
      "type": 1,
      "website": "http://www.rexauto.com.pl"
    },
    {
      "code": "PL-PA2",
      "country": "pl",
      "email": "magistrat@niepolomice.eu",
      "id": 219,
      "name": "GMINA NIEPOŁOMICE",
      "phone": "+48122509419",
      "short_name": "GMINA NIEPOŁOMICE",
      "type": 1,
      "website": "http://e`niepolomice"
    },
    {
      "code": "PL-DWB",
      "country": "pl",
      "id": 222,
      "name": "BENEPOL SP. Z O.O.",
      "phone": "668888052",
      "short_name": "BENEPOL",
      "type": 1,
      "website": "http://www.benepol.pl"
    },
    {
      "code": "PL-JKN",
      "country": "pl",
      "email": "info@plugbox.eu",
      "id": 223,
      "name": "Dr Dudziak Spółka z Ograniczoną Odpowiedzialnością",
      "phone": "+48795359785",
      "short_name": "Dr Dudziak Sp. z o.o.",
      "type": 1,
      "website": "http://www.plugbox.eu"
    },
    {
      "code": "PL-5BG",
      "country": "pl",
      "email": "biuro@csmm.pl",
      "id": 225,
      "name": "Cyfrowe Sieci Multimedialne Sp. z o.o.",
      "phone": "158135656",
      "short_name": "CSMM",
      "type": 1,
      "website": "http://www.vely.pl"
    },
    {
      "code": "PL-APH",
      "country": "pl",
      "id": 226,
      "name": "SIEŃKO I SYN SP. Z.O.O.",
      "phone": "856644100",
      "short_name": "SIEŃKO I SYN",
      "type": 1,
      "website": "http://www.sienkoisyn.com.pl"
    },
    {
      "code": "PL-YGP",
      "country": "pl",
      "email": "urzad@bytow.com.pl",
      "id": 227,
      "name": "Urząd Miejski w Bytowie",
      "phone": "598222317",
      "short_name": "UM Bytów.",
      "type": 1,
      "website": "http://www.bytow.com.pl"
    },
    {
      "code": "PL-T29",
      "country": "pl",
      "email": "kontakt@ggautolublin.pl",
      "id": 228,
      "name": "G&G AUTO LUBLIN Sp. z o.o.",
      "phone": "81 469-77-00",
      "short_name": "G&G AUTO LUBLIN Sp. z o.o.",
      "type": 1
    },
    {
      "code": "PL-1GW",
      "country": "pl",
      "email": "cezary.miedzianowski@zimny.com.pl",
      "id": 229,
      "name": "ZIMNY AUTO Spółka z o.o.",
      "phone": "601365943",
      "short_name": "ZIMNY AUTO",
      "type": 1,
      "website": "http://www.zimny.com.pl"
    },
    {
      "code": "PL-JXW",
      "country": "pl",
      "email": "office@codibly.com",
      "id": 230,
      "name": "Codibly Sp Zoo Sp K",
      "phone": "539772142",
      "short_name": "Codibly",
      "type": 1,
      "website": "http://codibly.com"
    },
    {
      "code": "PL-AXU",
      "country": "pl",
      "email": "biuro@wtyczka.eu",
      "id": 231,
      "name": "Wtyczka Spółka z ograniczoną odpowiedzialnością.",
      "phone": "507-302-609",
      "short_name": "Wtyczka Sp. z o.o.",
      "type": 1,
      "website": "http://wtyczka.eu"
    },
    {
      "code": "PL-WUA",
      "country": "pl",
      "email": "support@powerdot.pl",
      "id": 233,
      "name": "Power Dot Poland Sp. z o.o.",
      "phone": "+48221042777",
      "short_name": "Power Dot Poland",
      "type": 1
    },
    {
      "code": "PL-SFJ",
      "country": "pl",
      "email": "dropel@dropel.pl",
      "id": 234,
      "name": "DROPEL SP. Z O.O.",
      "phone": "126237286",
      "short_name": "DROPEL",
      "type": 1,
      "website": "http://www.dropel.pl"
    },
    {
      "code": "PL-YK1",
      "country": "pl",
      "email": "support@elo.city",
      "id": 235,
      "name": "AKADEMIA GÓRNICZO-HUTNICZA",
      "phone": "+48222907992",
      "short_name": "MSAGH",
      "type": 1,
      "website": "http://www.elo.city"
    },
    {
      "code": "PL-FZ5",
      "country": "pl",
      "email": "anna.staszak@vwstaszak.pl",
      "id": 236,
      "name": "AUTORYZOWANY DEALER VOLKSWAGENA-STASZAK",
      "phone": "607077792",
      "short_name": "VOLKSWAGEN STASZAK",
      "type": 1
    },
    {
      "code": "PL-P2W",
      "country": "pl",
      "email": "kontakt@ekoen.pl",
      "id": 237,
      "name": "EKOEN Sp. z o.o.",
      "phone": "501-187-223, 500-601-533",
      "short_name": "EKOEN",
      "type": 1,
      "website": "https://ekoen.pl/"
    },
    {
      "code": "PL-J3H",
      "country": "pl",
      "email": "piotr.witek@wolomin.org.pl",
      "id": 238,
      "name": "Gmina Wołomin",
      "phone": "22 763-30-92, 22 763-30-95",
      "short_name": "Gmin Wołomin",
      "type": 1
    },
    {
      "code": "PL-RGK",
      "country": "pl",
      "email": "biuro@oiler.pl",
      "id": 239,
      "name": "OILER Spółka Akcyjna",
      "phone": "+48664041497",
      "short_name": "OILER SA",
      "type": 1,
      "website": "http://oiler.com.pl"
    },
    {
      "code": "PL-GN6",
      "country": "pl",
      "email": "kontakt.vw@ggautorzeszow.pl",
      "id": 240,
      "name": "G&G Auto Rzeszów Sp. z o.o.",
      "phone": "17-860-70-00",
      "short_name": "G&G Auto Rzeszów",
      "type": 1,
      "website": "https://ggautorzeszow.dealer.volkswagen.pl/osobowe"
    },
    {
      "code": "PL-5RF",
      "country": "pl",
      "email": "cieszanow@vp.pl",
      "id": 242,
      "name": "Gmina Cieszanów",
      "phone": "166311076",
      "type": 1,
      "website": "http://www.cieszanow.pl"
    },
    {
      "code": "PL-PFH",
      "country": "pl",
      "id": 243,
      "name": "Mareckie Inwestycje Miejskie Sp. z o.o.",
      "phone": "22-100-23-33",
      "short_name": "MiM",
      "type": 1,
      "website": "http://www.mcer.pl"
    },
    {
      "code": "PL-NWD",
      "country": "pl",
      "email": "it@piaseczno.eu",
      "id": 244,
      "name": "GMINA PIASECZNO",
      "phone": "22 701-76-86",
      "short_name": "PIASECZNO",
      "type": 1,
      "website": "http://www.piaseczno.eu"
    },
    {
      "code": "PL-XUZ",
      "country": "pl",
      "email": "serwis@volvocarplock.dealervolvo.pl",
      "id": 246,
      "name": "Volvo Car Płock",
      "phone": "242679090",
      "type": 1,
      "website": "https://volvocarplock.volvocars-partner.pl/"
    },
    {
      "code": "PL-HSE",
      "country": "pl",
      "id": 247,
      "name": "Drum Polska Hieronim Strapagiel",
      "phone": "789218337",
      "type": 1,
      "website": "https://autoportcalisia.pl/"
    },
    {
      "code": "PL-YES",
      "country": "pl",
      "email": "rafal.was@dpin.pl",
      "id": 250,
      "name": "Dolnośląski Park Innowacji i Nauki SA",
      "phone": "717575244",
      "short_name": "DPIiN",
      "type": 1
    },
    {
      "code": "PL-DYG",
      "country": "pl",
      "email": "serwis@volvocarplock.dealervolvo.pl",
      "id": 251,
      "name": "AUTOGALERIA SP Z O O",
      "phone": "+48242609995",
      "short_name": "Volvo Car Płock",
      "type": 1,
      "website": "https://volvocarplock.volvocars-partner.pl/"
    },
    {
      "code": "PL-CKX",
      "country": "pl",
      "email": "salon@gablo.cm.pl",
      "id": 257,
      "name": "F.H.U. Gabło Sp.J.",
      "phone": "+48134200020",
      "short_name": "Gabło",
      "type": 1,
      "website": "http://www.gablo.com.pl"
    },
    {
      "code": "PL-CF8",
      "country": "pl",
      "email": "info@pol-car.pl",
      "id": 260,
      "name": "Przedsiębiorstwo Motoryzacyjne POL-CAR Sp. z o.o.",
      "phone": "+48618732100",
      "short_name": "POL-CAR",
      "type": 1,
      "website": "http://www.pol-car.pl"
    },
    {
      "code": "PL-EEP",
      "country": "pl",
      "email": "biuro@podtelegrafem.pl",
      "id": 262,
      "name": "Pod Telegrafem S.A.",
      "phone": "+41-361-35-00",
      "short_name": "Telegraf",
      "type": 1,
      "website": "http://www.podtelegrafem.pl"
    },
    {
      "code": "PL-X1T",
      "country": "pl",
      "email": "kielce@echo.com.pl",
      "id": 263,
      "name": "Face 2 Face  - STRANRAER spółka z ograniczona odpowiedzialnością SK Akcyjna",
      "phone": "+48-41-3-333-333",
      "short_name": "FACE 2 FACE STRANRAER SP. ZO.O. SK A",
      "type": 1,
      "website": "http://www.echo.com.pl"
    },
    {
      "code": "DE-QWC",
      "country": "de",
      "email": "support@qwello.de",
      "id": 264,
      "name": "Qwello GmbH",
      "phone": "+4989954595959",
      "short_name": "Qwello",
      "type": 1,
      "website": "http://Qwello.eu"
    },
    {
      "code": "PL-2AE",
      "country": "pl",
      "email": "support@elo.city",
      "id": 266,
      "name": "Szkoła Główna Handlowa w Warszawie",
      "phone": "+48222907992",
      "short_name": "SGH",
      "type": 1,
      "website": "https://elo.city"
    },
    {
      "code": "PL-5KP",
      "country": "pl",
      "email": "info@chylinscy.pl",
      "id": 267,
      "name": "Chylińscy Sp. z o.o.",
      "phone": "+48225190000",
      "short_name": "Chylińscy Sp. z o.o.",
      "type": 1,
      "website": "http://www.chylinscy.pl"
    },
    {
      "code": "PL-NJN",
      "country": "pl",
      "id": 268,
      "name": "TSG Polska Sp. z o.o.",
      "phone": "+48583432171",
      "type": 3,
      "website": "https://www.tsg-solutions.com/pl"
    },
    {
      "code": "PL-J3X",
      "country": "pl",
      "email": "biuro@eonic.pl",
      "id": 270,
      "name": "Auto Miras ASS Sp. z o.o.",
      "phone": "+48512512753",
      "short_name": "Grupa Makurat",
      "type": 1,
      "website": "http://www.eonic.pl"
    },
    {
      "code": "PL-W61",
      "country": "pl",
      "email": "kontakt@stacjasierpc.pl",
      "id": 272,
      "name": "Zefir 10 sp. z o.o.",
      "phone": "+48-506-050-702",
      "short_name": "Stacja Sierpc",
      "type": 1,
      "website": "http://www.stacjasierpc.pl"
    },
    {
      "code": "PL-YKW",
      "country": "pl",
      "email": "agnieszka.siekierska@pultusk.pl",
      "id": 273,
      "name": "Urząd Miejski w Pułtuska",
      "phone": "+48509027016",
      "short_name": "UMPułtusk",
      "type": 3,
      "website": "https://pultusk.pl/"
    },
    {
      "code": "PL-BAG",
      "country": "pl",
      "id": 274,
      "name": "Scandic Polen Sp. z o.o.",
      "phone": "+48717870000",
      "type": 3,
      "website": "https://www.scandichotels.com"
    },
    {
      "code": "PL-PTQ",
      "country": "pl",
      "email": "sprzedaz@grupagg.pl",
      "id": 275,
      "name": "G&G Sp. z o.o.",
      "phone": "+48606609110",
      "short_name": "G&G Sp. z o.o.",
      "type": 1,
      "website": "https://ladowarki-samochodowe.pl"
    },
    {
      "code": "PL-BA9",
      "country": "pl",
      "email": "andrzej.puszkarski@saint-gobain.com",
      "id": 276,
      "name": "SAINT-GOBAIN INNOVATIVE MATERIALS POLSKA SPÓŁKA Z O.O. Oddział Glass w Dąbrowie Górniczej",
      "phone": "+48664434806",
      "short_name": "SGIMP",
      "type": 1
    },
    {
      "code": "PL-AMW",
      "country": "pl",
      "email": "support@sharep.io",
      "id": 278,
      "name": "ShareP Poland P.S.A.",
      "phone": "+48227774141",
      "type": 3,
      "website": "https://sharep.io/pl/"
    },
    {
      "code": "PL-CKE",
      "country": "pl",
      "email": "BOK@circlekeurope.com",
      "id": 279,
      "name": "Circle K Polska Sp. z o.o.",
      "phone": "+48222552255",
      "short_name": "Circle K",
      "type": 3,
      "website": "http://circlek.pl"
    },
    {
      "code": "PL-HX1",
      "country": "pl",
      "email": "serwis.warszawa@dynamica.pl",
      "id": 280,
      "name": "Dynamica Sp. z o.o.",
      "phone": "+48225120550",
      "type": 1,
      "website": "http://www.dynamica.pl"
    },
    {
      "code": "PL-Q57",
      "country": "pl",
      "email": "biuro@energomix.com",
      "id": 282,
      "name": "Energomix Spółka Akcyjna",
      "phone": "+48-222-692-777",
      "short_name": "Energomix",
      "type": 1,
      "website": "https://energomix.com/"
    },
    {
      "code": "PL-F9B",
      "country": "pl",
      "email": "umpiastow@piastow.pl",
      "id": 283,
      "name": "Miasto Piastów",
      "phone": "+48227705201",
      "short_name": "Miasto Piastów",
      "type": 1
    },
    {
      "code": "PL-NCA",
      "country": "pl",
      "email": "biuro@eproev.pl",
      "id": 284,
      "name": "EPROSUMENT S.A.",
      "phone": "+48733100089",
      "type": 3,
      "website": "http://www.eprosument.pl"
    },
    {
      "code": "LT*IBG",
      "country": "lt",
      "email": "support@inbalancegrid.com",
      "id": 285,
      "name": "In Balance grid, UAB",
      "phone": "+37062247472",
      "short_name": "Inbalance",
      "type": 1,
      "website": "https://www.inbalancegrid.pl"
    },
    {
      "code": "PL-J35",
      "country": "pl",
      "email": "ladowarki@re-energia.pl",
      "id": 286,
      "name": "Re-Energia Sp. z o. o.",
      "phone": "+48733146412",
      "short_name": "Re-Energia",
      "type": 1,
      "website": "http://www.re-energia.pl"
    },
    {
      "code": "PL-QAW",
      "country": "pl",
      "email": "sekretartiat@cagleszno.pl",
      "id": 288,
      "name": "CIESIÓŁKA AUTO GROUP SP.J.",
      "phone": "+48655292100",
      "type": 1
    },
    {
      "code": "PL-64N",
      "country": "pl",
      "email": "info@ennovationtech.eu",
      "id": 289,
      "name": "Ennovation Technology Sp. z o.o.",
      "phone": "+48-226-116-779",
      "short_name": "Ennovation Technology",
      "type": 3,
      "website": "http://www.ennovationtech.eu"
    },
    {
      "code": "PL-U5E",
      "country": "pl",
      "email": "it@piaseczno.eu",
      "id": 290,
      "name": "GMINA PIASECZNO",
      "phone": "+48-22-701-76-86",
      "type": 1,
      "website": "http://www.piaseczno.eu"
    },
    {
      "code": "PL-QA4",
      "country": "pl",
      "email": "paliwa@ctenergy.pl",
      "id": 291,
      "name": "Citronex Trans Energy Sp. z o.o.",
      "phone": "+48608625198",
      "short_name": "CTE",
      "type": 1,
      "website": "http://www.dplng.pl"
    },
    {
      "code": "PL-CAJ",
      "country": "pl",
      "email": "biuro@itatools.pl",
      "id": 292,
      "name": "ITA TOOLS NIERUCHOMOŚCI spółka z ograniczoną odpowiedzialnością sp. k.",
      "phone": "+48663393353",
      "short_name": "ITA",
      "type": 1
    },
    {
      "code": "PL-8H7",
      "country": "pl",
      "email": "serwis@vwserwiskrakow.pl",
      "id": 293,
      "name": "INTER CAR NOWAK SP. Z O.O.",
      "phone": "+48122613742",
      "short_name": "ICN",
      "type": 1,
      "website": "http://www.vwserwiskrakow.pl"
    },
    {
      "code": "PL-6EB",
      "country": "pl",
      "id": 294,
      "name": "Lellek Sp.zo.o Oddział w Tarnowskich Górach",
      "phone": "+48321110500",
      "type": 1,
      "website": "https://skoda.tarnowskiegory.lellek.pl/"
    },
    {
      "code": "PL-WB1",
      "country": "pl",
      "email": "sekretariat@zim-laziskagorne.pl",
      "id": 295,
      "name": "Zakład Inzynierii Miejskiej w Łaziskach Górnych",
      "phone": "+48322244850",
      "short_name": "ZIMŁG",
      "type": 1,
      "website": "http://zim-laziskagorne.pl"
    },
    {
      "code": "PL-C41",
      "country": "pl",
      "email": "zup@lodz.lasy.gov.pl",
      "id": 296,
      "name": "Zakład Usługowo Produkcyjny Lasów Państwowych w Łodzi",
      "phone": "+48426322647",
      "type": 1,
      "website": "https://zup.lodz.lasy.gov.pl/"
    },
    {
      "code": "PL-DJU",
      "country": "pl",
      "email": "ptrojanowski1@dpd.com.pl",
      "id": 297,
      "name": "DPD Polska sp. z o.o.",
      "phone": "+48-502-777-445",
      "type": 1
    },
    {
      "code": "PL-RZM",
      "country": "pl",
      "email": "info@autoweber.pl",
      "id": 298,
      "name": "AUTOWEBER Sp. z o.o.",
      "phone": "+48438243030",
      "type": 1,
      "website": "http://www.autoweber.pl"
    },
    {
      "code": "PL-6FB",
      "country": "pl",
      "email": "biuro@blenergia.pl",
      "id": 299,
      "name": "BL MEDICA sp. z o.o. sp.k.",
      "phone": "+48913500140",
      "short_name": "BL",
      "type": 1,
      "website": "http://blenergia.pl"
    },
    {
      "code": "PL-F4U",
      "country": "pl",
      "email": "emap@tauron.pl",
      "id": 300,
      "name": "TAURON Sprzedaż Sp. z o.o.",
      "phone": "+48572886552",
      "short_name": "TS",
      "type": 3,
      "website": "https://www.tauron.pl/tauron/tauron-innowacje/elektromobilnosc"
    },
    {
      "code": "PL-NDM",
      "country": "pl",
      "email": "emap@tauron.pl",
      "id": 302,
      "name": "TAURON Sprzedaż GZE Sp. z o.o.",
      "phone": "+48572886552",
      "short_name": "TS GZE",
      "type": 3,
      "website": "https://www.tauron.pl/tauron/tauron-innowacje/elektromobilnosc"
    },
    {
      "code": "PL-8M2",
      "country": "pl",
      "email": "kontakt@skoda.auto-gazda.pl",
      "id": 303,
      "name": "PHU AUTO GAZDA MICHAŁ GAZDA",
      "phone": "+48326614000",
      "short_name": "ASO VW I SKODA RYBNIK",
      "type": 1,
      "website": "https://www.auto-gazda.pl"
    },
    {
      "code": "PL-DJG",
      "country": "pl",
      "email": "biuro@rozdroze.com.pl",
      "id": 304,
      "name": "Przedsiębiorstwo Produkcyjno Handlowo Usługowe,,Rozdroże'' S.C",
      "phone": "+48601563971",
      "short_name": "PPHU,,Rozdroże''S.C",
      "type": 1
    },
    {
      "code": "PL-KEQ",
      "country": "pl",
      "email": "recepcjaawc@auto-wimar.pl",
      "id": 306,
      "name": "Auto Wimar Centrum",
      "phone": "+48797986165",
      "short_name": "AWC",
      "type": 1,
      "website": "http://auto-wimar.pl"
    },
    {
      "code": "PL-36Y",
      "country": "pl",
      "email": "krobud@wp.pl",
      "id": 307,
      "name": "GALERIA HANDLOWA GRUNWALDZKA",
      "phone": "+48-509922102",
      "short_name": "GRUNWALDZKA 15",
      "type": 3
    },
    {
      "code": "PL-UJX",
      "country": "pl",
      "email": "adam.pulut@wp.pl",
      "id": 308,
      "name": "Puluttech Adam Pulut",
      "phone": "+48606679917",
      "short_name": "Puluttech",
      "type": 1
    },
    {
      "code": "PL-GFU",
      "country": "pl",
      "email": "sekretariat@michalowice.pl",
      "id": 309,
      "name": "Gmina Michałowice",
      "phone": "+48223509191",
      "type": 1,
      "website": "http://michalowice.pl"
    },
    {
      "code": "PL-16A",
      "country": "pl",
      "email": "tranzit.biuro@gmail.com",
      "id": 310,
      "name": "Firma Tranzit Michał Poznański",
      "phone": "+48578080501",
      "short_name": "Firma Tranzit Michał Poznański",
      "type": 1
    },
    {
      "code": "PL-T7U",
      "country": "pl",
      "email": "axis@cbre.com",
      "id": 311,
      "name": "CORUM XL",
      "phone": "+48504339290",
      "type": 1
    },
    {
      "code": "PL-K68",
      "country": "pl",
      "email": "jwtk@interia.pl",
      "id": 312,
      "name": "Jakub  Taborski, Grażyna Taborska, Aleksandra Zmyślony s.c. Taborscy",
      "phone": "+48693380455",
      "short_name": "s.c. Taborscy",
      "type": 1,
      "website": "http://jwtk.pl"
    },
    {
      "code": "PL-9JB",
      "country": "pl",
      "email": "remontujesz-budujesz@wp.pl",
      "id": 313,
      "name": "Complex-Bud Szymon Steuer",
      "phone": "+48-508-648-015",
      "type": 1,
      "website": "http://remontujesz-budujesz@wp.pl"
    }
  ],
  "generated": "2022-06-07T07:25:03+02:00"
}
